Designator,Mid X (mm),Mid Y (mm),Layer,Rotation (deg CCW),Value,Package
C1,113.6,-108.85,Top,0.0,1uF,C_0603_1608Metric
C10,118.45,-130.7,Top,0.0,22uF,C_0805_2012Metric
C11,121.15,-130.09,Top,-90.0,22uF,C_0805_2012Metric
C12,118.1,-119.8,Top,0.0,100nF,C_0402_1005Metric
C13,118.9,-126.75,Top,0.0,100uF,C_1210_3225Metric
C14,115.1,-117.97,Top,180.0,100nF,C_0402_1005Metric
C15,114.9,-116.05,Top,90.0,22nF,C_0402_1005Metric
C16,111.2,-124.4,Top,0.0,1nF,C_0402_1005Metric
C17,122.5,-116.8,Top,90.0,100nF,C_0402_1005Metric
C18,131.4,-122.2,Top,0.0,100nF,C_0402_1005Metric
C19,113.6,-110.4,Top,0.0,100nF,C_0402_1005Metric
C2,113.6,-104.0,Top,180.0,10uF,C_0805_2012Metric
C20,126.2,-132.9,Top,0.0,100nF,C_0402_1005Metric
C21,132.8,-132.9,Top,0.0,100nF,C_0402_1005Metric
C3,113.6,-105.6,Top,180.0,100nF,C_0402_1005Metric
C4,147.6,-123.2,Top,180.0,4.7uF,C_0603_1608Metric
C5,143.4,-123.2,Top,0.0,4.7uF,C_0603_1608Metric
C6,151.0,-132.0,Top,-90.0,100nF,C_0402_1005Metric
C7,125.0,-130.5,Top,0.0,1uF,C_0603_1608Metric
C8,131.65,-127.0,Top,0.0,1uF,C_0603_1608Metric
C9,109.0,-131.0,Top,0.0,10uF,C_0805_2012Metric
D1,141.0,-110.0,Top,180.0,USBLC6-2SC6,SOT-23-6
D2,147.6,-125.4,Top,0.0,LED,LED_0603_1608Metric
D3,133.5,-109.0,Top,90.0,LED,LED_0603_1608Metric
J1,150.5,-112.0,Top,90.0,TYPE-C-31-M-12,USB_C_Receptacle_HRO_TYPE-C-31-M-12
J2,137.5,-136.2,Top,0.0,BATTERY,JST_PH_B2B-PH-K_1x02_P2.00mm_Vertical
J3,104.5,-109.0,Top,-90.0,MOTOR,JST_PH_B2B-PH-K_1x02_P2.00mm_Vertical
J4,108.6,-136.8,Top,90.0,SERVO,PinHeader_1x03_P2.54mm_Vertical
J5,117.6,-136.8,Top,90.0,LATCH,PinHeader_1x02_P2.54mm_Vertical
J6,124.0,-136.8,Top,90.0,OPEN,PinHeader_1x02_P2.54mm_Vertical
J7,130.6,-136.8,Top,90.0,CLOSED,PinHeader_1x02_P2.54mm_Vertical
L1,115.5,-130.8,Top,90.0,1uH,L_Murata_DFE201610P
Q1,138.6,-131.5,Top,0.0,FS8205A,TSSOP-8_4.4x3mm_P0.65mm
R1,113.6,-107.2,Top,0.0,10k,R_0402_1005Metric
R10,108.6,-124.4,Top,0.0,1k,R_0402_1005Metric
R11,122.5,-123.8,Top,90.0,33k,R_0402_1005Metric
R12,122.5,-127.0,Top,90.0,51k,R_0402_1005Metric
R13,120.9,-116.6,Top,180.0,100k,R_0402_1005Metric
R14,135.5,-111.5,Top,90.0,1k,R_0402_1005Metric
R15,128.199999,-120.6,Top,0.0,100k,R_0402_1005Metric
R16,128.199999,-122.2,Top,0.0,100k,R_0402_1005Metric
R17,117.8,-133.4,Top,180.0,1k,R_0402_1005Metric
R18,124.0,-133.9,Top,90.0,1k,R_0402_1005Metric
R19,130.6,-133.9,Top,90.0,1k,R_0402_1005Metric
R2,143.0,-116.9,Top,0.0,5.1k,R_0402_1005Metric
R3,144.3,-118.6,Top,0.0,5.1k,R_0402_1005Metric
R4,150.5,-125.4,Top,180.0,1k,R_0402_1005Metric
R5,151.4,-119.6,Top,90.0,2k,R_0402_1005Metric
R6,151.0,-128.4,Top,90.0,330,R_0402_1005Metric
R7,142.6,-127.6,Top,0.0,1k,R_0402_1005Metric
R8,114.3,-126.3,Top,90.0,1.1M,R_0402_1005Metric
R9,112.9,-126.3,Top,-90.0,150k,R_0402_1005Metric
S4,139.0,-105.0,Top,0.0,SW_Push,SW_Push_1TS009xxxx-xxxx-xxxx_6x6x5mm
U1,124.0,-105.0,Top,0.0,ESP32-C3-MINI-1-N4,ESP32-C3-MINI-1
U2,110.5,-117.0,Top,0.0,DRV8876PWPR,HTSSOP-16-1EP_4.4x5mm_P0.65mm_EP3.4x5mm_Mask3x3mm_ThermalVias
U3,114.0,-123.0,Top,0.0,TLV7041DCKR,SOT-353_SC-70-5
U4,147.0,-120.6,Top,0.0,MCP73831T-2ACI/OT,SOT-23-5
U5,145.5,-131.0,Top,0.0,DW01A,SOT-23-6
U6,128.0,-128.0,Top,0.0,XC6220B331MR-G,SOT-23-5
U7,112.0,-129.0,Top,0.0,TPS61023DRLR,SOT-563
